id,blockNumber,transactionId,timestamp,operation,from,to,symbol,quantity,memo,account
695710e1b1767c08da50fdbf,55554264,055887b1280c0d2b9d07c1c497ec3d364b173c5d,2026-01-02 00:27:06 UTC,tokens_transfer,hive-189742,null,SIM,0.576,,null
69570d75b1767c08da50de1f,55553974,26e13f618f5656ef142a4ebce4c39fd254a6d032,2026-01-02 00:12:30 UTC,tokens_transfer,halukshananah,null,SIM,0.541,,null
69570bd5b1767c08da50bb6f,55553835,ce9ce28bd21388e7528d1afea6012457fd5eebfa,2026-01-02 00:05:33 UTC,tokens_transfer,whitelightxpress,null,SIM,1.171,,null
69570a52b1767c08da509997,55553706,fee13b030ed6463edc2872200c5bbb64f8cb6915,2026-01-01 23:59:06 UTC,tokens_transfer,alchemystones,null,SIM,0.959,,null
6956e5f0b1767c08da4ee58d,55550609,1849fc5575e30d41d09076a1b8c2b6a211db0230,2026-01-01 21:23:54 UTC,tokens_transfer,reddragonfly,null,SIM,0.603,,null
6956e31fb1767c08da4ecf1c,55550370,2cac8d4968a6e6b3fb6634c3ea7989e38645d666,2026-01-01 21:11:51 UTC,tokens_transfer,denmarkguy,null,SIM,0.838,,null
68fae8c3b1767c08da841946,53550266,d3097a6749f35bbab31aca45c99817a1fad3b490,2025-10-24 02:47:24 UTC,tokens_transfer,boycharlieplays,null,SIM,2500023,,null
68a4a0d357f07196e31d1c5e,51670825,c1ddc2080777ca0d12761d781d99887a5070bc76,2025-08-19 16:05:33 UTC,tokens_transfer,peerfinance,null,SIM,193.434,,null
677700f08963f7cd7b4f8a5b,45095691,c92bc4598a2f7e2f0f66d5d84388f3cc8d0b822f,2025-01-02 21:11:03 UTC,tokens_transfer,curatorcat.leo,null,SIM,0.001,,null
6771ca818963f7cd7b053982,44982037,89f408d4e26eac497a58b4c299dea143a059d39e,2024-12-29 22:17:30 UTC,tokens_transfer,cryptoshots.play,null,SIM,0.001,test,null
67586e968963f7cd7b9b5448,44429218,1bfbad9487e5156a04d6674543d88c1eb74ea485,2024-12-10 16:38:36 UTC,tokens_transfer,peerfinance,null,SIM,176.642,,null
66e992849111c97f1fbbf85d,42013484,afc3b724bb1ff5c3af8a8f605efd6c56bab92161,2024-09-17 14:30:21 UTC,tokens_transfer,peerfinance,null,SIM,203.995,,null
665f27229111c97f1f821522,38996199,9958ad8a27dac8f5d8d3127523d54cdd36dfbe42,2024-06-04 14:39:24 UTC,tokens_transfer,onestrongfund,null,SIM,6.108,,null
664e35e09111c97f1f942099,38626950,6eb310966b4e52c77f796399d53d9a3e79237a48,2024-05-22 18:13:45 UTC,tokens_transfer,sbtofficial,null,SIM,1.00,,null
664cd78a482844bf3d0c1b2b,38597087,58a7451acfb7338335e09f8d49c87b034f3a4397,2024-05-21 17:18:57 UTC,tokens_transfer,sbtofficial,null,SIM,1.00,,null
664b89bb482844bf3df88e1f,38568635,801b1d2eba1493571bcf4f496a4f6e642dde71c6,2024-05-20 17:34:42 UTC,tokens_transfer,sbtofficial,null,SIM,1.00,,null
664a6d12482844bf3de82ef9,38544363,541dd029950007757b4d334adb649e1f52e4fab4,2024-05-19 21:20:09 UTC,tokens_transfer,sbtofficial,null,SIM,1.00,,null
660d59c58dd1821b815859ba,37211633,78dce090af27ac259d9ac3e095ab29d719ba8245,2024-04-03 13:29:33 UTC,tokens_transfer,onestrong,null,SIM,90,,null
66055b438dd1821b81c3d3cd,37037312,8997d10e3f4948b23776d70b7b0e5dd86a94474c,2024-03-28 11:57:48 UTC,tokens_transfer,hosgug,null,SIM,0.001,,null
65ec257aa9ec2d2c3592323d,36487339,f94ede1e227a1f94eb96c3e81279e02c9ae8f99e,2024-03-09 09:01:39 UTC,tokens_transfer,werkseber,null,SIM,0.001,,null
65d38cbfa9ec2d2c35c8d5a6,35950726,1cbbc41f8250624775c3c92416e02c7b645e1f1b,2024-02-19 17:15:36 UTC,tokens_transfer,hosgug,null,SIM,12,,null
65c0871da9ec2d2c3568e7a2,35535815,a2ae1352a6eb75815e02bc8a2de536ac24b6dbe9,2024-02-05 06:58:30 UTC,tokens_transfer,nathen007,null,SIM,0.001,,null
65ad4290b018ea18fcde9d07,35115705,ba49d2ca529f29cdafa73b1d5bb3075b6252ac4e,2024-01-21 16:12:57 UTC,tokens_transfer,peerfinance,null,SIM,97.268,,null
659d26d7b018ea18fcbdede4,34764567,7eb23ac98ae45e220bda70b4aa311b6d6ecdbe1f,2024-01-09 10:58:24 UTC,tokens_transfer,hosgug-buzz,null,SIM,0.001,,null
6594a117b018ea18fc1b28de,34578541,b92aabf9f5a4f0ef92fcb5d7566327de832d06dd,2024-01-02 23:49:36 UTC,tokens_transfer,labyrinths,null,SIM,0.001,,null
65949e81b018ea18fc1b0297,34578321,064847c9abe0c6fcfa063e0cc9d67e51732d6ddd,2024-01-02 23:38:33 UTC,tokens_transfer,curatorcat.leo,null,SIM,0.002,,null
658d0bc3b018ea18fc884ae7,34413004,579bfa00d2ebff362572e313a616dbf0837c29b4,2023-12-28 05:46:36 UTC,tokens_transfer,jacobpeacock,null,SIM,7.013,,null
65793e11b018ea18fc1e8103,33980804,cb4c6eceb3af37fbf437019b8e960a960cea3c69,2023-12-13 05:15:54 UTC,tokens_transfer,dcitycollective,null,SIM,791603.064,,null
6542c0378e3405fbee07f4e1,32791823,bb8d6e3f8bcd3ff9ab8eb77022d6814c700d6e8d,2023-11-01 21:16:33 UTC,tokens_transfer,nonameslefttouse,null,SIM,80.54,,null
653886b06915d3aa0f8cb3d2,32568672,e36122d7aae10e93a3da1eb5be818c8bef73eeb5,2023-10-25 03:08:18 UTC,tokens_transfer,boycharlieplays,null,SIM,6765.921,,null
65386cf86915d3aa0f8aed06,32566483,b49ea6659d910440f41c362939b99171ae109750,2023-10-25 01:18:42 UTC,tokens_transfer,onestrong,null,SIM,18,,null
6536d2526915d3aa0f6da5ed,32531482,d49a942c8e8fd8c5e3163b9a901391773d3d430a,2023-10-23 20:06:33 UTC,tokens_transfer,aliento,null,SIM,0.001,,null
650914156915d3aa0f22ba9d,31533405,2d54f19bd9add8bdd06d253d14b870a5ed700a9a,2023-09-19 03:22:54 UTC,tokens_transfer,dcitycollective,null,SIM,1,,null
64503c8ef5322902d042851e,27500903,0e6c3ace533a7622e86ec1e9813d16f4a481dba1,2023-05-01 22:26:15 UTC,tokens_transfer,billmaynard,null,SIM,0.009,,null
644044f0f5322902d02133d6,27152704,f11ab28cc9d8a003e3bdd083ca87da968ee1d7d8,2023-04-19 19:45:39 UTC,tokens_transfer,eddiespino,null,SIM,140.532,,null
6402c4a1615c25cd9704801e,25810994,70356b6d6c63cc10cec5639087350158ae3b11c3,2023-03-04 04:10:03 UTC,tokens_transfer,boycharlieplays,null,SIM,770.151,Watching the world burn,null
63f793d8615c25cd975333da,25566843,a8460c7d7374629f581730d7e5efaf9e98af53dc,2023-02-23 16:26:57 UTC,tokens_transfer,peerfinance,null,SIM,30.738,,null
63b613ac615c25cd976feaa7,24138105,cd207df9f640c19f35318518cb083ffc7738c8b4,2023-01-05 00:02:45 UTC,tokens_transfer,boycharlieplays,null,SIM,2205.000,,null
635eeaa4615c25cd9767b485,22236675,6d21f99339261edf78808f7d9104bbfb4ac3960d,2022-10-30 21:20:30 UTC,tokens_transfer,boycharliefamily,null,SIM,12.648,,null
62769db47a0da5e366c142b6,17180843,7ad17241592b424a921b1e2c3d896fb1392b667a,2022-05-07 16:26:21 UTC,tokens_transfer,boycharlieplays,null,SIM,0.103,,null
62445c0d7a0da5e366a456da,16087058,9432ee5c0874b05c4ec621a0b151da56079e7c8d,2022-03-30 13:32:54 UTC,tokens_transfer,peerfinance,null,SIM,20.336,,null
61e9a37f3d56150cad315de4,14112366,602110901bdf7b50c9f11e71119cf9b93a23454e,2022-01-20 18:01:27 UTC,tokens_transfer,kennysgaminglife,null,SIM,0.706,,null
61e868f53d56150cad29b3b4,14085595,343c3cb43e96914fff767085a1967b10249aa539,2022-01-19 19:39:27 UTC,tokens_transfer,louis.random,null,SIM,0.01,"""><script>alert(123);</script>",null
61aa7e0f3d56150cadaf2ed8,12736512,c5f077875d3e58e36d64c953c21a42bb9ba82c0e,2021-12-03 20:28:57 UTC,tokens_transfer,peerfinance,null,SIM,26.459,,null
616ae5eb8bae1252027e597d,11352988,fd208bc700ddf1e9daf378c92d8ea6170719f50c,2021-10-16 14:47:00 UTC,tokens_transfer,rishi556,null,SIM,0.001,,null
61562da38bae1252021ec33c,10901787,5bdd045641ba13d492283c32afc18d74f8321131,2021-09-30 21:35:24 UTC,tokens_transfer,peerfinance,null,SIM,8.385,,null
6135d18a187544f7ef7e620a,10105485,484af086c7c5c5b8f81361683caf7f7cfe7e8cd2,2021-09-03 03:22:45 UTC,tokens_transfer,boycharliefamily,null,SIM,8999.992,,null
6135ce57187544f7ef5abc84,9928311,443671c312b51a6ffcc0965315bc9be07b76f1a0,2021-08-27 23:13:06 UTC,tokens_transfer,dotwin1981,null,SIM,0.008,,null
6135c9d0187544f7ef283137,9670729,6af8345653c70a0ce817b31e0dca6fd82885faa2,2021-08-18 23:46:24 UTC,tokens_transfer,boycharliefamily,null,SIM,737.697,,null
6135977b187544f7efc930d0,6686978,bf4eab1290878bde14fca9b0726db00e46ebf7f5,2021-05-03 21:16:39 UTC,tokens_transfer,boycharliefamily,null,SIM,262.303,,null
61357bcd187544f7ef477b91,5104293,9ddb355cdd233ca198e1c369269b334c5be5a038,2021-02-26 02:59:09 UTC,tokens_transfer,boycharliefamily,null,SIM,8202.446,the boycharliefamily dcity collective wishes to make the burn even on the circulation. ,null
61357bc8187544f7ef4730d0,5102996,db25303f0712f6b43bdc2f976742b3347749320f,2021-02-26 01:37:03 UTC,tokens_transfer,boycharliefamily,null,SIM,703.659,These tokens are burned in the name of the @boycharliefamily DCity Collective. yeet!,null
613578e2187544f7ef1dcd40,4952123,6b63c82bfcb1d382c27ec7b70de80c7d417392d1,2021-02-19 07:36:18 UTC,tokens_transfer,boycharliefamily,null,SIM,847.532,,null
6135777f187544f7ef09fb7a,4877974,2fde9831e2d3a0758d8c16f4edda2e3ea465f566,2021-02-16 01:37:42 UTC,tokens_transfer,boycharliefamily,null,SIM,.906,,null
61357447187544f7efdae874,4715090,5dd6dcf1c93508a376a7394f05052e06c3c71ce9,2021-02-09 01:07:03 UTC,tokens_transfer,boycharliefamily,null,SIM,0.981,,null
613573c2187544f7efd370a2,4689157,bb515c752576fc3062d9eb63f010012353cc11ef,2021-02-07 23:18:39 UTC,tokens_transfer,boycharlieplays,null,SIM,.45,,null
613573b8187544f7efd2dd2b,4687732,c7b4a074021b5f2e30798543d56afa0f8feafe2d,2021-02-07 21:50:18 UTC,tokens_transfer,boycharliefamily,null,SIM,20,,null
61355a23187544f7ef6240d3,3285370,6ab861b10a4bfde64f807bd2f86ccd291ff55a03,2020-12-02 06:44:36 UTC,tokens_transfer,dhedge-drips,null,SIM,0.119,Your daily DHEDGE drip for SIM based on 1593.76233529 DHEDGE with 0.00919468 % share,null
613557a7187544f7ef4056b1,3118049,4d8340b7a475519a2ccfebd9d11e7168270d2d44,2020-11-23 04:19:09 UTC,tokens_transfer,tan.stake,null,SIM,0.318,"Congratulations null, You Staked : 0.000 TAN Token(s) & Your Staker Rank : 330. You Earned : 0.318 SIM From Assigned Reward Pool : 637.250 SIM - (2020-11-23 / 04:19:07 Server Time)",null
6135575e187544f7ef3c44fd,3099847,4cf0850499dcd76e95cee4d93c5e0b0cd724fa95,2020-11-22 04:20:24 UTC,tokens_transfer,tan.stake,null,SIM,0.300,"Congratulations null, You Staked : 0.000 TAN Token(s) & Your Staker Rank : 339. You Earned : 0.300 SIM From Assigned Reward Pool : 601.000 SIM - (2020-11-22 / 04:20:22 Server Time)",null
61355718187544f7ef387b2c,3082335,bca85fc773c51cbedfe200ea7583c37d493dcc0a,2020-11-21 04:18:03 UTC,tokens_transfer,tan.stake,null,SIM,0.299,"Congratulations null, You Staked : 0.000 TAN Token(s) & Your Staker Rank : 330. You Earned : 0.299 SIM From Assigned Reward Pool : 598.500 SIM - (2020-11-21 / 04:18:01 Server Time)",null
613556da187544f7ef354a77,3064222,8d36a27aaef47e71f5df2084c90d2dd29a917897,2020-11-20 04:19:12 UTC,tokens_transfer,tan.stake,null,SIM,0.245,"Congratulations null, You Staked : 0.000 TAN Token(s) & Your Staker Rank : 333. You Earned : 0.245 SIM From Assigned Reward Pool : 490.000 SIM - (2020-11-20 / 04:19:10 Server Time)",null
61355693187544f7ef317daf,3045584,50792599ce66cbc02ce43a3ff65944f577b67667,2020-11-19 04:15:51 UTC,tokens_transfer,tan.stake,null,SIM,0.224,"Congratulations null, You Staked : 0.000 TAN Token(s) & Your Staker Rank : 321. You Earned : 0.224 SIM From Assigned Reward Pool : 449.000 SIM - (2020-11-19 / 04:15:49 Server Time)",null
61355656187544f7ef2e6a4f,3027502,1f5076c1d9d7f529fce5049998dc34e188a316a0,2020-11-18 04:14:57 UTC,tokens_transfer,tan.stake,null,SIM,0.200,"Congratulations null, You Staked : 0.000 TAN Token(s) & Your Staker Rank : 316. You Earned : 0.200 SIM From Assigned Reward Pool : 401.500 SIM - (2020-11-18 / 04:14:55 Server Time)",null
6135560e187544f7ef2a55ec,3009923,6119719b649719d3e90beeda3cc37a66b3db03ec,2020-11-17 04:28:18 UTC,tokens_transfer,tan.stake,null,SIM,0.188,"Congratulations null, You Staked : 0.000 TAN Token(s) & Your Staker Rank : 315. You Earned : 0.188 SIM From Assigned Reward Pool : 376.750 SIM - (2020-11-17 / 04:28:16 Server Time)",null
613555e8187544f7ef28523e,2999757,87f1407241a220303bae7a66b87a16ac8ff0cb1c,2020-11-16 15:37:45 UTC,tokens_transfer,tan.stake,null,SIM,0.188,"Congratulations null, You Staked : 0.000 TAN Token(s) & Your Staker Rank : 313. You Earned : 0.188 SIM From Assigned Reward Pool : 376.250 SIM - (2020-11-16 / 15:37:43 Server Time)",null
61353e06187544f7ef06e679,1009658,afa6bc5bd41a8b6eaf44a8847a1d6493e427f8c6,2020-07-16 11:04:30 UTC,tokens_transfer,doubledice,null,SIM,216.543,,null
61353a50187544f7efdde4d2,710655,9386e7989709ce942dad2cbdfdf195376b7459a6,2020-06-24 20:48:51 UTC,tokens_transfer,whitelightxpress,null,SIM,0.001,,null
613534b6187544f7efa60e98,170624,4874387b142b9523256fa540ba250c133bb20e65-13,2020-05-09 18:42:48 UTC,tokens_transfer,gerber,null,SIM,0.001,46.97 SPI -- TESTING SPI HIVE MIGRATION: https://hive-engine.com/?p=market&t=SPI,null
61353360187544f7ef984ca5,39983,cee81079f11e77ed50fd0f89bcbf44e1ac6cda01-21,2020-04-23 10:32:45 UTC,tokens_transfer,dcitygame,null,SIM,6.4,dCITY HIVE AIRDROP,null
